date_onset,all_deaths,osaka_deaths,fukuoka_deaths
2020/05/09,0,0,0
2020/05/10,8,0,0
2020/05/11,22,2,0
2020/05/12,25,0,0
2020/05/13,19,1,0
2020/05/14,23,1,1
2020/05/15,15,3,0
2020/05/16,19,4,0
2020/05/17,5,0,0
2020/05/18,14,0,0
2020/05/19,8,0,0
2020/05/20,6,1,0
2020/05/21,19,5,0
2020/05/22,12,0,0
2020/05/23,12,2,0
2020/05/24,10,0,0
2020/05/25,16,0,0
2020/05/26,12,2,0
2020/05/27,9,0,0
2020/05/28,7,2,0
2020/05/29,12,0,1
2020/05/30,5,1,0
2020/05/31,1,0,0
2020/06/01,2,0,0
2020/06/02,6,1,1
2020/06/03,3,0,0
2020/06/04,4,0,0
2020/06/05,7,0,0
2020/06/06,2,0,0
2020/06/07,0,0,0
2020/06/08,0,0,0
2020/06/09,3,0,0
2020/06/10,1,0,0
2020/06/11,2,1,1
2020/06/12,2,0,0
2020/06/13,1,0,0
2020/06/14,0,0,0
2020/06/15,2,0,0
2020/06/16,4,1,0
2020/06/17,4,0,0
2020/06/18,0,0,0
2020/06/19,17,0,0
2020/06/20,1,0,0
2020/06/21,0,0,0
2020/06/22,2,0,0
2020/06/23,8,0,5
2020/06/24,4,0,0
2020/06/25,1,0,0
2020/06/26,2,0,0
2020/06/27,0,0,0
2020/06/28,1,0,0
2020/06/29,0,0,0
2020/06/30,2,0,0
2020/07/01,1,0,0
2020/07/02,1,0,0
2020/07/03,1,0,0
2020/07/04,0,0,0
2020/07/05,0,0,0
2020/07/06,1,0,0
2020/07/07,2,0,0
2020/07/08,1,0,0
2020/07/09,1,0,0
2020/07/10,0,0,0
2020/07/11,0,0,0
2020/07/12,0,0,0
2020/07/13,0,0,0
2020/07/14,2,0,0
2020/07/15,1,0,0
2020/07/16,0,0,0
2020/07/17,0,0,0
2020/07/18,0,0,0
2020/07/19,0,0,0
2020/07/20,3,0,0
2020/07/21,1,0,0
2020/07/22,1,0,0
2020/07/23,2,0,0
2020/07/24,1,1,0
2020/07/25,3,0,0
2020/07/26,0,0,0
2020/07/27,2,1,0
2020/07/28,3,0,0
2020/07/29,3,1,0
2020/07/30,2,0,0
2020/07/31,5,1,0
2020/08/01,1,0,1
2020/08/02,0,0,0
2020/08/03,4,1,0
2020/08/04,6,1,1
2020/08/05,4,0,0
2020/08/06,7,1,0
2020/08/07,4,0,1
2020/08/08,3,2,0
2020/08/09,7,1,1
2020/08/10,5,0,0
2020/08/11,7,1,1
2020/08/12,4,1,0
2020/08/13,10,3,0
2020/08/14,12,5,1
2020/08/15,3,0,0
2020/08/16,11,0,0
2020/08/17,16,5,2
2020/08/18,13,6,1
2020/08/19,16,5,3
2020/08/20,11,1,1
2020/08/21,14,5,1
2020/08/22,7,1,0
2020/08/23,5,0,1
2020/08/24,15,2,2
2020/08/25,13,3,1
2020/08/26,17,2,2
2020/08/27,12,2,0
2020/08/28,17,9,0
2020/08/29,9,0,3
2020/08/30,15,1,4
2020/08/31,17,4,0
2020/09/01,11,3,2
2020/09/02,12,2,1
2020/09/03,11,0,1
2020/09/04,19,4,3
2020/09/05,8,2,1
2020/09/06,6,2,0
2020/09/07,14,1,1
2020/09/08,16,2,2
2020/09/09,13,3,3
2020/09/10,6,1,0
2020/09/11,11,3,3
2020/09/12,16,2,2
2020/09/13,3,2,0
2020/09/14,9,1,1
2020/09/15,10,6,0
2020/09/16,12,2,4
2020/09/17,9,0,4
2020/09/18,13,2,2
2020/09/19,5,2,0
2020/09/20,0,0,0
2020/09/21,8,1,1
2020/09/22,4,1,0
2020/09/23,8,1,0
2020/09/24,12,4,1
2020/09/25,8,1,3
2020/09/26,5,1,0
2020/09/27,3,0,0
2020/09/28,9,2,0
2020/09/29,7,1,1
2020/09/30,7,2,1
2020/10/01,7,3,1
2020/10/02,12,6,1
2020/10/03,7,2,0
2020/10/04,2,1,0
2020/10/05,3,1,0
2020/10/06,3,1,0
2020/10/07,8,1,0
2020/10/08,3,0,0
2020/10/09,8,0,0
2020/10/10,3,2,0
2020/10/11,2,0,0
2020/10/12,5,1,0
2020/10/13,4,0,0
2020/10/14,8,0,0
2020/10/15,4,0,0
2020/10/16,11,2,0
2020/10/17,9,1,0
2020/10/18,4,0,0
2020/10/19,2,0,1
2020/10/20,3,0,0
2020/10/21,6,2,0
2020/10/22,9,2,0
2020/10/23,12,1,1
2020/10/24,5,1,0
2020/10/25,7,1,0
2020/10/26,7,1,0
2020/10/27,5,0,0
2020/10/28,3,1,0
2020/10/29,11,1,0
2020/10/30,11,1,0
2020/10/31,11,4,1
2020/11/01,8,2,0
2020/11/02,6,0,1
2020/11/03,6,0,0
2020/11/04,8,3,0
2020/11/05,12,2,1
2020/11/06,3,0,0
2020/11/07,3,0,0
2020/11/08,6,0,0
2020/11/09,11,4,0
2020/11/10,12,3,0
2020/11/11,10,1,0
2020/11/12,16,0,0
2020/11/13,13,2,0
2020/11/14,3,1,0
2020/11/15,2,1,0
2020/11/16,18,3,0
2020/11/17,10,1,1
2020/11/18,9,0,0
2020/11/19,21,3,1
2020/11/20,20,4,0
2020/11/21,11,5,0
2020/11/22,7,0,0
2020/11/23,8,1,0
2020/11/24,12,4,0
2020/11/25,21,3,1
2020/11/26,29,12,0
2020/11/27,23,5,0
2020/11/28,32,8,0
2020/11/29,13,6,0
2020/11/30,20,4,1
2020/12/01,33,6,0
2020/12/02,41,7,0
2020/12/03,27,8,0
2020/12/04,43,5,1
2020/12/05,32,6,0
2020/12/06,20,1,0
2020/12/07,47,9,0
2020/12/08,38,9,0
2020/12/09,45,9,1
2020/12/10,37,9,0
2020/12/11,32,7,0
2020/12/12,28,6,0
2020/12/13,23,5,0
2020/12/14,58,14,1
2020/12/15,45,10,0
2020/12/16,51,11,0
2020/12/17,44,12,0
2020/12/18,45,10,0
2020/12/19,45,9,0
2020/12/20,27,6,3
2020/12/21,44,11,0
2020/12/22,50,12,1
2020/12/23,56,8,0
2020/12/24,55,7,2
2020/12/25,50,8,0
2020/12/26,58,11,0
2020/12/27,39,8,0
2020/12/28,54,13,0
2020/12/29,43,5,1
2020/12/30,65,8,1
2020/12/31,46,9,0
2021/01/01,54,9,0
2021/01/02,34,6,0
2021/01/03,51,7,0
2021/01/04,56,11,3
2021/01/05,64,7,0
2021/01/06,72,10,1
2021/01/07,66,8,0
2021/01/08,75,19,2
2021/01/09,64,10,3
2021/01/10,48,7,0
2021/01/11,50,7,1
2021/01/12,51,10,1
2021/01/13,88,13,3
2021/01/14,82,11,1
2021/01/15,65,12,2
2021/01/16,66,12,0
2021/01/17,55,4,0
2021/01/18,47,10,3
2021/01/19,99,13,4
2021/01/20,96,12,8
2021/01/21,87,19,4
2021/01/22,105,16,3
2021/01/23,84,14,4
2021/01/24,65,10,4
2021/01/25,74,7,0
2021/01/26,94,14,3
2021/01/27,109,23,1
2021/01/28,90,15,0
2021/01/29,94,10,0
2021/01/30,108,10,11
2021/01/31,68,11,6
2021/02/01,72,4,0
2021/02/02,118,16,6
2021/02/03,108,12,3
2021/02/04,115,7,4
2021/02/05,108,12,0
2021/02/06,95,14,0
2021/02/07,57,7,0
2021/02/08,81,11,14
2021/02/09,81,12,5
2021/02/10,121,10,1
2021/02/11,96,6,5
2021/02/12,75,8,1
2021/02/13,63,7,4
2021/02/14,40,2,4
2021/02/15,63,4,2
2021/02/16,87,9,5
2021/02/17,94,11,6
2021/02/18,78,4,4
2021/02/19,59,2,1
2021/02/20,84,4,8
2021/02/21,57,1,4
2021/02/22,55,3,5
2021/02/23,55,5,4
2021/02/24,63,4,2
2021/02/25,75,5,6
2021/02/26,85,6,2
2021/02/27,53,3,3
2021/02/28,27,2,1
2021/03/01,46,2,4
2021/03/02,51,4,2
2021/03/03,68,3,8
2021/03/04,67,2,2
2021/03/05,59,4,0
2021/03/06,49,2,0
2021/03/07,26,1,0
2021/03/08,45,2,1
2021/03/09,54,5,2
2021/03/10,50,2,0
2021/03/11,49,2,2
2021/03/12,58,4,1
2021/03/13,51,4,2
2021/03/14,30,0,2
2021/03/15,32,2,1
2021/03/16,56,2,2
2021/03/17,39,2,3
2021/03/18,41,1,1
2021/03/19,32,1,2
2021/03/20,22,0,1
2021/03/21,23,0,2
2021/03/22,26,5,0
2021/03/23,47,2,2
2021/03/24,30,1,1
2021/03/25,29,2,0
2021/03/26,31,1,1
2021/03/27,32,2,1
2021/03/28,30,1,1
2021/03/29,25,2,0
2021/03/30,27,4,0
2021/03/31,49,2,1
2021/04/01,23,0,0
2021/04/02,27,5,0
2021/04/03,8,2,1
2021/04/04,10,3,0
2021/04/05,18,1,0
2021/04/06,30,2,0
2021/04/07,22,2,0
2021/04/08,33,3,1
2021/04/09,20,2,0
2021/04/10,29,7,0
2021/04/11,18,4,0
2021/04/12,25,4,2
2021/04/13,44,8,5
2021/04/14,31,7,0
2021/04/15,38,4,0
2021/04/16,46,16,2
2021/04/17,38,12,0
2021/04/18,19,3,1
2021/04/19,30,4,0
2021/04/20,39,8,0
2021/04/21,54,20,1
2021/04/22,36,8,0
2021/04/23,54,15,0
2021/04/24,59,16,0
2021/04/25,59,21,1
2021/04/26,32,15,0
2021/04/27,51,14,2
2021/04/28,52,14,0
2021/04/29,87,44,1
2021/04/30,35,8,0
2021/05/01,67,41,3
2021/05/02,65,16,2
2021/05/03,58,19,4
2021/05/04,50,20,3
2021/05/05,47,25,0
2021/05/06,72,28,0
2021/05/07,113,50,3
2021/05/08,121,41,4
2021/05/09,53,19,1
2021/05/10,65,15,3
2021/05/11,123,55,2
2021/05/12,101,50,0
2021/05/13,90,33,6
2021/05/14,110,33,4
2021/05/15,98,42,6
2021/05/16,45,15,1
2021/05/17,116,23,0
2021/05/18,228,33,5
2021/05/19,91,22,0
2021/05/20,110,32,8
2021/05/21,109,22,3
2021/05/22,88,24,6
2021/05/23,62,14,3
2021/05/24,86,35,6
2021/05/25,98,27,5
2021/05/26,105,27,2
2021/05/27,113,30,6
2021/05/28,106,13,5
2021/05/29,101,31,8
2021/05/30,47,8,1
2021/05/31,81,16,8
2021/06/01,91,21,4
2021/06/02,105,27,4
2021/06/03,119,19,4
2021/06/04,85,22,7
2021/06/05,74,8,2
2021/06/06,51,5,1
2021/06/07,71,15,3
2021/06/08,98,25,2
2021/06/09,98,27,3
2021/06/10,66,17,1
2021/06/11,69,11,0
2021/06/12,56,12,2
2021/06/13,38,6,1
2021/06/14,55,10,0
2021/06/15,61,4,3
2021/06/16,82,19,6
2021/06/17,51,4,7
2021/06/18,45,17,3
2021/06/19,34,5,0
2021/06/20,23,3,2
2021/06/21,32,13,0
2021/06/22,42,4,1
2021/06/23,57,15,3
2021/06/24,45,11,0
2021/06/25,28,5,2
2021/06/26,31,7,1
2021/06/27,13,0,0
2021/06/28,35,14,1
2021/06/29,35,7,0
2021/06/30,41,3,0
2021/07/01,21,6,0
2021/07/02,22,3,1
2021/07/03,18,0,1
2021/07/04,6,0,0
2021/07/05,14,1,1
2021/07/06,22,4,0
2021/07/07,13,2,0
2021/07/08,20,3,0
2021/07/09,16,2,2
2021/07/10,15,1,0
2021/07/11,7,0,0
2021/07/12,4,0,0
2021/07/13,12,3,1
2021/07/14,19,2,0
2021/07/15,24,2,0
2021/07/16,13,3,0
2021/07/17,13,4,0
2021/07/18,8,1,0
2021/07/19,12,0,2
2021/07/20,19,3,0
2021/07/21,18,4,0
2021/07/22,9,1,0
2021/07/23,9,0,0
2021/07/24,8,1,0
2021/07/25,5,1,0
2021/07/26,8,1,1
2021/07/27,14,0,3
2021/07/28,8,0,0
2021/07/29,13,2,0
2021/07/30,11,0,0
2021/07/31,8,0,0
2021/08/01,5,0,1
2021/08/02,7,1,1
2021/08/03,15,0,1
2021/08/04,9,2,1
2021/08/05,12,2,0
2021/08/06,15,2,1
2021/08/07,18,3,0
2021/08/08,7,2,0
2021/08/09,17,0,1
2021/08/10,14,0,2
2021/08/11,19,2,4
2021/08/12,28,4,2
2021/08/13,25,3,1
2021/08/14,17,0,1
2021/08/15,8,0,0
2021/08/16,23,1,2
2021/08/17,36,4,2
2021/08/18,34,5,1
2021/08/19,33,1,2
2021/08/20,29,1,2
2021/08/21,33,2,0
2021/08/22,35,2,0
2021/08/23,32,8,0
2021/08/24,30,5,1
2021/08/25,44,1,0
2021/08/26,60,6,1
2021/08/27,54,2,2
2021/08/28,45,2,0
2021/08/29,50,2,1
2021/08/30,48,2,3
2021/08/31,47,3,4
2021/09/01,82,12,1
2021/09/02,61,8,2
2021/09/03,63,6,0
2021/09/04,66,12,2
2021/09/05,41,3,0
2021/09/06,33,2,0
2021/09/07,49,6,2
2021/09/08,89,9,1
2021/09/09,78,8,4
2021/09/10,87,14,2
2021/09/11,52,1,1
2021/09/12,55,1,2
2021/09/13,49,4,2
2021/09/14,48,4,2
2021/09/15,65,9,1
2021/09/16,71,12,2
2021/09/17,67,5,1
2021/09/18,59,9,1
2021/09/19,48,3,0
2021/09/20,29,1,0
2021/09/21,43,4,5
2021/09/22,43,9,1
2021/09/23,56,9,1
2021/09/24,46,2,2
2021/09/25,32,4,2
2021/09/26,29,1,1
2021/09/27,29,1,0
2021/09/28,40,8,1
2021/09/29,54,10,0
2021/09/30,43,3,2
2021/10/01,35,1,0
2021/10/02,33,4,1
2021/10/03,14,0,1
2021/10/04,26,1,0
2021/10/05,33,6,2
2021/10/06,30,4,1
2021/10/07,37,5,0
2021/10/08,46,13,0
2021/10/09,25,0,0
2021/10/10,14,2,0
2021/10/11,18,0,1
2021/10/12,27,2,2
2021/10/13,34,8,0
2021/10/14,31,3,1
2021/10/15,26,2,0
2021/10/16,14,2,0
2021/10/17,11,1,0
2021/10/18,18,4,1
2021/10/19,25,3,0
2021/10/20,11,1,1
2021/10/21,16,6,0
2021/10/22,10,2,0
2021/10/23,8,1,0
2021/10/24,8,0,0
2021/10/25,8,1,0
2021/10/26,14,2,0
2021/10/27,7,1,0
2021/10/28,9,0,0
2021/10/29,16,1,0
2021/10/30,8,0,0
2021/10/31,7,0,0
2021/11/01,7,2,0
2021/11/02,7,0,0
2021/11/03,8,0,0
2021/11/04,6,0,0
2021/11/05,10,6,1
2021/11/06,3,0,0
2021/11/07,1,0,0
2021/11/08,3,1,0
2021/11/09,3,0,0
2021/11/10,2,1,0
2021/11/11,5,1,0
2021/11/12,0,0,0
2021/11/13,2,0,0
2021/11/14,2,0,0
2021/11/15,0,0,0
2021/11/16,4,2,0
2021/11/17,5,0,0
2021/11/18,6,2,0
2021/11/19,0,0,0
2021/11/20,5,2,0
2021/11/21,0,0,0
2021/11/22,2,0,0
2021/11/23,2,0,1
2021/11/24,1,0,1
2021/11/25,1,0,0
2021/11/26,4,2,0
2021/11/27,1,0,0
2021/11/28,0,0,0
2021/11/29,1,0,0
2021/11/30,1,0,0
2021/12/01,2,0,0
2021/12/02,1,0,1
2021/12/03,1,0,0
2021/12/04,0,0,0
2021/12/05,0,0,0
2021/12/06,1,0,0
2021/12/07,2,0,0
2021/12/08,2,0,0
2021/12/09,2,0,0
2021/12/10,1,0,0
2021/12/11,1,0,0
2021/12/12,0,0,0
2021/12/13,1,0,0
2021/12/14,1,0,0
2021/12/15,1,0,0
2021/12/16,2,0,0
2021/12/17,1,0,0
2021/12/18,0,0,0
2021/12/19,0,0,0
2021/12/20,0,0,0
2021/12/21,2,0,0
2021/12/22,2,0,0
2021/12/23,3,0,1
2021/12/24,0,0,0
2021/12/25,1,0,0
2021/12/26,0,0,0
2021/12/27,0,0,0
2021/12/28,2,0,0
2021/12/29,4,0,1
2021/12/30,0,0,0
2021/12/31,0,0,0
2022/01/01,0,0,0
2022/01/02,2,0,0
2022/01/03,1,0,0
2022/01/04,1,0,0
2022/01/05,1,0,0
2022/01/06,0,0,0
2022/01/07,2,0,0
2022/01/08,2,1,0
2022/01/09,1,1,0
2022/01/10,2,0,0
2022/01/11,2,0,0
2022/01/12,5,1,0
2022/01/13,2,0,0
2022/01/14,10,2,1
2022/01/15,6,0,0
2022/01/16,2,0,0
2022/01/17,2,0,0
2022/01/18,10,1,0
2022/01/19,13,2,0
2022/01/20,12,1,1
2022/01/21,9,2,0
2022/01/22,12,2,1
2022/01/23,16,1,3
2022/01/24,17,1,0
2022/01/25,36,10,1
2022/01/26,40,3,3
2022/01/27,43,8,0
2022/01/28,44,5,2
2022/01/29,44,7,4
2022/01/30,35,5,3
2022/01/31,28,4,0
2022/02/01,79,18,13
2022/02/02,78,19,1
2022/02/03,90,13,6
2022/02/04,92,4,7
2022/02/05,127,24,6
2022/02/06,67,5,1
2022/02/07,122,16,4
2022/02/08,141,29,14
2022/02/09,157,33,6
2022/02/10,177,26,14
2022/02/11,144,29,7
2022/02/12,146,14,13
2022/02/13,157,26,4
2022/02/14,136,10,11
2022/02/15,212,47,11
2022/02/16,255,40,13
2022/02/17,245,55,18
2022/02/18,238,42,15
2022/02/19,205,33,16
2022/02/20,187,24,9
2022/02/21,181,28,7
2022/02/22,277,68,13
2022/02/23,265,57,14
2022/02/24,230,32,9
2022/02/25,257,48,20
2022/02/26,261,51,10
2022/02/27,180,16,4
2022/02/28,191,15,13
2022/03/01,234,48,22
2022/03/02,236,39,16
2022/03/03,258,41,12
2022/03/04,257,48,10
2022/03/05,186,29,8
2022/03/06,147,30,10
2022/03/07,115,10,3
2022/03/08,233,53,14
2022/03/09,206,45,10
2022/03/10,212,27,8
2022/03/11,165,37,2
2022/03/12,169,13,4
2022/03/13,125,12,0
2022/03/14,108,9,10
2022/03/15,182,47,8
2022/03/16,158,36,8
2022/03/17,165,40,2
2022/03/18,157,26,11
2022/03/19,127,34,3
2022/03/20,76,9,3
2022/03/21,57,1,5
2022/03/22,72,10,0
2022/03/23,112,31,6
2022/03/24,130,27,9
2022/03/25,116,32,3
2022/03/26,98,15,1
2022/03/27,68,6,3
2022/03/28,64,1,0
2022/03/29,82,13,3
2022/03/30,97,23,4
2022/03/31,87,24,10
2022/04/01,103,34,2
2022/04/02,48,13,0
2022/04/03,38,1,1
2022/04/04,41,7,1
2022/04/05,60,16,4
2022/04/06,69,15,7
2022/04/07,72,21,4
2022/04/08,62,17,0
2022/04/09,56,15,0
2022/04/10,38,11,2
2022/04/11,37,2,3
2022/04/12,44,7,3
2022/04/13,60,11,2
2022/04/14,59,11,5
2022/04/15,61,7,5
2022/04/16,47,8,1
2022/04/17,31,5,3
2022/04/18,26,0,1
2022/04/19,53,12,5
2022/04/20,49,9,3
2022/04/21,50,9,1
2022/04/22,56,6,2
2022/04/23,27,2,1
2022/04/24,24,0,1
2022/04/25,36,0,2
2022/04/26,58,12,6
2022/04/27,65,16,4
2022/04/28,39,7,2
2022/04/29,44,4,6
2022/04/30,19,1,1
2022/05/01,32,2,2
2022/05/02,30,2,0
2022/05/03,52,13,3
2022/05/04,25,0,1
2022/05/05,18,1,0
2022/05/06,35,1,5
2022/05/07,24,2,0
2022/05/08,28,0,2
2022/05/09,30,0,5
2022/05/10,51,4,4
2022/05/11,41,8,0
2022/05/12,39,6,1
2022/05/13,31,3,2
2022/05/14,34,0,1
2022/05/15,22,1,0
2022/05/16,28,1,0
2022/05/17,33,0,1
2022/05/18,52,8,0
2022/05/19,36,7,0
2022/05/20,44,8,1
2022/05/21,37,6,1
2022/05/22,16,0,1
2022/05/23,30,2,3
2022/05/24,32,3,0
2022/05/25,49,5,2
2022/05/26,40,2,2
2022/05/27,39,3,1
2022/05/28,39,2,2
2022/05/29,22,4,0
2022/05/30,24,1,2
2022/05/31,36,5,0
2022/06/01,35,6,3
2022/06/02,24,5,1
2022/06/03,35,5,3
2022/06/04,23,8,1
2022/06/05,17,4,0
2022/06/06,21,5,0
2022/06/07,24,6,1
2022/06/08,21,3,1
2022/06/09,26,2,1
2022/06/10,22,1,0
2022/06/11,13,2,0
2022/06/12,12,3,0
2022/06/13,19,1,0
2022/06/14,25,1,1
2022/06/15,28,1,0
2022/06/16,17,0,0
2022/06/17,23,2,0
2022/06/18,20,1,0
2022/06/19,9,1,0
2022/06/20,13,0,0
2022/06/21,12,3,0
2022/06/22,20,0,1
2022/06/23,14,3,1
2022/06/24,16,0,0
2022/06/25,9,2,0
2022/06/26,10,3,0
2022/06/27,13,0,2
2022/06/28,15,0,2
2022/06/29,20,0,1
2022/06/30,15,4,1
2022/07/01,16,0,1
2022/07/02,11,1,0
2022/07/03,8,0,0
2022/07/04,16,0,2
2022/07/05,16,4,1
2022/07/06,15,1,2
2022/07/07,14,0,0
2022/07/08,26,3,4
2022/07/09,13,1,0
2022/07/10,10,1,1
2022/07/11,19,0,0
2022/07/12,20,2,4
2022/07/13,29,3,1
2022/07/14,34,4,3
2022/07/15,31,1,0
2022/07/16,21,1,1
2022/07/17,14,1,1
2022/07/18,16,0,2
2022/07/19,33,3,2
2022/07/20,54,7,2
2022/07/21,38,5,2
2022/07/22,64,5,4
2022/07/23,53,9,2
2022/07/24,33,2,3
2022/07/25,55,1,6
2022/07/26,108,12,9
2022/07/27,122,14,8
2022/07/28,116,21,9
2022/07/29,130,18,7
2022/07/30,91,12,8
2022/07/31,78,6,2
2022/08/01,109,6,7
2022/08/02,125,23,3
2022/08/03,157,26,9
2022/08/04,183,15,9
2022/08/05,189,16,5
2022/08/06,161,23,4
2022/08/07,154,19,7
2022/08/08,162,10,6
2022/08/09,250,39,22
2022/08/10,248,33,18
2022/08/11,214,20,9
2022/08/12,226,6,7
2022/08/13,238,29,15
2022/08/14,155,14,7
2022/08/15,215,4,6
2022/08/16,284,44,21
2022/08/17,300,35,16
2022/08/18,279,19,10
2022/08/19,283,30,14
2022/08/20,263,28,11
2022/08/21,228,10,8
2022/08/22,269,4,19
2022/08/23,317,42,19
2022/08/24,293,26,18
2022/08/25,310,24,16
2022/08/26,325,30,18
2022/08/27,248,18,10
2022/08/28,235,10,14
2022/08/29,248,8,13
2022/08/30,311,30,18
2022/08/31,316,29,17
2022/09/01,318,27,24
2022/09/02,347,27,12
2022/09/03,284,24,10
2022/09/04,225,20,7
2022/09/05,239,15,2
2022/09/06,282,28,12
2022/09/07,265,26,10
2022/09/08,261,20,13
2022/09/09,212,12,16
2022/09/10,197,15,8
2022/09/11,127,9,0
2022/09/12,157,4,8
2022/09/13,191,19,7
2022/09/14,192,17,7
2022/09/15,170,18,12
2022/09/16,186,16,13
2022/09/17,139,17,3
2022/09/18,82,14,0
2022/09/19,73,10,0
2022/09/20,124,11,2
2022/09/21,120,9,14
2022/09/22,106,9,2
2022/09/23,91,8,4
2022/09/24,69,4,0
2022/09/25,44,3,3
2022/09/26,88,3,4
2022/09/27,0,0,0
2022/09/28,96,9,6
2022/09/29,127,8,7
2022/09/30,111,9,10
2022/10/01,111,9,5
2022/10/02,71,9,5
2022/10/03,53,9,2
2022/10/04,65,6,2
2022/10/05,79,8,2
2022/10/06,91,9,5
2022/10/07,73,8,3
2022/10/08,89,9,4
2022/10/09,57,8,2
2022/10/10,50,7,2
2022/10/11,27,4,0
2022/10/12,54,3,1
2022/10/13,78,6,6
2022/10/14,63,3,2
2022/10/15,67,7,2
2022/10/16,47,4,4
2022/10/17,20,1,0
2022/10/18,56,2,4
2022/10/19,68,7,4
2022/10/20,71,6,0
2022/10/21,67,7,1
2022/10/22,78,6,1
2022/10/23,44,5,0
2022/10/24,35,5,1
2022/10/25,38,4,1
2022/10/26,67,7,5
2022/10/27,71,7,2
2022/10/28,51,6,2
2022/10/29,58,5,3
2022/10/30,42,4,1
2022/10/31,23,0,0
2022/11/01,52,1,1
2022/11/02,70,6,2
2022/11/03,69,7,1
2022/11/04,59,6,4
2022/11/05,72,0,2
2022/11/06,46,3,0
2022/11/07,42,3,2
2022/11/08,70,0,2
2022/11/09,97,4,3
2022/11/10,100,6,1
2022/11/11,81,6,4
2022/11/12,95,5,3
2022/11/13,67,4,3
2022/11/14,48,0,0
2022/11/15,88,0,4
2022/11/16,111,7,0
2022/11/17,133,7,6
2022/11/18,99,5,2
2022/11/19,101,8,3
2022/11/20,122,6,3
2022/11/21,57,4,1
2022/11/22,144,0,1
2022/11/23,160,6,3
2022/11/24,130,8,2
2022/11/25,100,1,1
2022/11/26,164,6,4
2022/11/27,142,9,1
2022/11/28,103,8,1
2022/11/29,153,3,6
2022/11/30,210,8,5
2022/12/01,182,8,2
2022/12/02,187,9,1
2022/12/03,180,8,2
2022/12/04,151,7,2
2022/12/05,117,4,1
2022/12/06,147,0,5
2022/12/07,211,10,8
2022/12/08,243,9,3
2022/12/09,228,9,7
2022/12/10,222,9,2
2022/12/11,190,12,2
2022/12/12,127,11,2
2022/12/13,214,9,4
2022/12/14,244,14,5
2022/12/15,277,15,5
2022/12/16,259,14,7
2022/12/17,264,12,8
2022/12/18,232,16,9
2022/12/19,180,10,3
2022/12/20,231,8,8
2022/12/21,296,17,16
2022/12/22,339,18,14
2022/12/23,315,19,10
2022/12/24,339,19,17
2022/12/25,306,19,13
2022/12/26,217,18,7
2022/12/27,271,13,6
2022/12/28,415,18,18
2022/12/29,420,20,20
2022/12/30,326,22,9
2022/12/31,292,23,9
2023/01/01,253,20,14
2023/01/02,208,14,7
2023/01/03,226,20,12
2023/01/04,223,20,16
2023/01/05,320,24,19
2023/01/06,456,29,29
2023/01/07,463,29,36
2023/01/08,407,28,22
2023/01/09,336,29,18
2023/01/10,253,26,10
2023/01/11,381,26,15
2023/01/12,489,31,45
2023/01/13,480,33,30
2023/01/14,503,36,40
2023/01/15,415,36,18
2023/01/16,284,33,10
2023/01/17,357,25,18
2023/01/18,449,30,24
2023/01/19,451,28,30
2023/01/20,425,29,35
2023/01/21,398,28,25
2023/01/22,326,33,13
2023/01/23,253,34,3
2023/01/24,307,28,21
2023/01/25,368,26,31
2023/01/26,410,29,34
2023/01/27,343,27,12
2023/01/28,338,29,26
2023/01/29,251,29,8
2023/01/30,206,29,3
2023/01/31,246,19,9
2023/02/01,308,28,19
2023/02/02,397,25,10
2023/02/03,237,24,6
2023/02/04,256,22,15
2023/02/05,188,29,6
2023/02/06,124,20,1
2023/02/07,161,5,5
2023/02/08,200,18,12
2023/02/09,223,19,6
2023/02/10,192,17,15
2023/02/11,181,15,21
2023/02/12,137,13,2
2023/02/13,93,10,1
2023/02/14,135,9,9
2023/02/15,213,8,8
2023/02/16,172,9,10
2023/02/17,141,8,4
2023/02/18,130,7,8
2023/02/19,107,7,2
2023/02/20,51,6,0
2023/02/21,72,9,3
2023/02/22,126,9,5
2023/02/23,116,8,7
2023/02/24,83,9,1
2023/02/25,72,9,4
2023/02/26,62,7,4
2023/02/27,52,6,0
2023/02/28,67,4,1
2023/03/01,99,4,5
2023/03/02,87,3,5
2023/03/03,67,4,5
2023/03/04,81,5,4
2023/03/05,50,4,0
2023/03/06,34,4,0
2023/03/07,35,0,1
2023/03/08,69,8,5
2023/03/09,80,5,1
2023/03/10,49,5,0
2023/03/11,118,5,1
2023/03/12,43,4,0
2023/03/13,27,3,0
2023/03/14,47,4,1
2023/03/15,61,6,4
2023/03/16,57,3,4
2023/03/17,48,1,1
2023/03/18,38,3,0
2023/03/19,34,4,0
2023/03/20,22,5,1
2023/03/21,29,3,0
2023/03/22,30,5,1
2023/03/23,40,4,2
2023/03/24,49,6,0
2023/03/25,44,1,2
2023/03/26,22,2,1
2023/03/27,17,2,0
2023/03/28,27,2,0
2023/03/29,34,4,0
2023/03/30,40,3,2
2023/03/31,43,4,0
2023/04/01,31,3,1
2023/04/02,14,4,1
2023/04/03,14,3,1
2023/04/04,14,0,1
2023/04/05,21,4,1
2023/04/06,27,2,0
2023/04/07,31,4,0
2023/04/08,21,4,0
2023/04/09,15,3,0
2023/04/10,14,4,0
2023/04/11,22,4,0
2023/04/12,32,4,1
2023/04/13,18,1,2
2023/04/14,16,1,0
2023/04/15,22,2,0
2023/04/16,15,2,1
2023/04/17,9,2,0
2023/04/18,20,0,0
2023/04/19,22,1,0
2023/04/20,28,4,1
2023/04/21,24,2,0
2023/04/22,18,1,1
2023/04/23,20,3,0
2023/04/24,13,1,0
2023/04/25,18,0,0
2023/04/26,36,3,5
2023/04/27,24,2,0
2023/04/28,34,2,1
2023/04/29,27,1,1
2023/04/30,14,3,0
2023/05/01,8,0,1
2023/05/02,19,0,1
2023/05/03,27,2,0
2023/05/04,18,3,0
2023/05/05,19,2,0
2023/05/06,12,0,1
2023/05/07,9,0,0
2023/05/08,15,0,0
2023/05/09,25,2,0